Workbook

Sheet Ингридиенты
F1: Основные свойства
F2: Energy | G2: Magic | H2: Duration
A3: ID | B3: Название | C3: Описание | D3: Цена | E3: Популярность | F3: Энергия | G3: Магия | H3: Длительность | I3: Эффект катализатора
E4: =COUNT('Дата сет'!B:B) -> 0 | F4: =COUNT(F5:F16) -> 3 | G4: =COUNT(G5:G16) -> 3 | H4: =COUNT(H5:H16) -> 4
A5: 26948 | B5: Пыльца Фей | C5: Обладает магической энергией, может изменять форму предметов и ускорять рост. | E5: =COUNTIF('Дата сет'!F:S,A5)/$E$4 -> #DIV/0! | F5: 1 | G5: 3 | H5: 2
A6: 26404 | B6: Цветок Солнца | C6: Дарит бодрость и ясность ума, наполняет теплом и светом. | E6: =COUNTIF('Дата сет'!F:S,A6)/$E$4 -> #DIV/0! | F6: 3 | G6: -1 | H6: 2
A7: 34974 | B7: Ледяное Сердце | C7: Сердце, пропитанное вечным холодом, забирает жизненную энергию и изменяет структуру вещества, успокаивая бурные эмоции, инертное. | E7: =COUNTIF('Дата сет'!F:S,A7)/$E$4 -> #DIV/0! | F7: -5 | H7: -2
A8: 35738 | B8: Кристал Бездны | C8: Фрагмент расколотого мира, порождает ненависть и разъединяет связи, ослабляя природные энергии. | E8: =COUNTIF('Дата сет'!F:S,A8)/$E$4 -> #DIV/0! | G8: -6 | H8: 5
A9: -70632 | B9: Прихоть Судьбы | C9: Непредсказуемо влияет на дополнительные свойства зелья, делая каждое зелье уникальным. | E9: =COUNTIF('Дата сет'!F:S,A9)/$E$4 -> #DIV/0! | I9: Правит характеристику в нужную сторону

Sheet Зелья
F1: Основные свойства
F2: Energy | G2: Magic | H2: Duration
A3: ID | B3: Название | C3: Сложность | D3: Хотят | E3: Цена | F3: Энергия | G3: Магия | H3: Длительность
B4: =COUNTA(B5:B5) -> 1 | F4: =COUNTA(F5:F5) -> 1 | G4: =COUNTA(G5:G5) -> 0 | H4: =COUNTA(H5:H5) -> 0
A5: 42148 | B5: Элексир скорости | C5: 1 | D5: =COUNTIF(NPCs!B:M,A5) -> 0 | E5: =10*C5 -> 10 | F5: 2>
A6: 114796 | B6: Зелье силы | C6: 2 | F6: 4> | G6: 3>
A7: 114856 | B7: Элексир зрения | C7: 1 | G7: 3> | H7: 1>
A8: 114916 | B8: Успокоительное | C8: 2 | F8: -2< | H8: 3>
A9: 114976 | B9: Настойка бодрости | C9: 2 | F9: 1> | H9: 6>
A10: 115036 | B10: Элексир антимагии | C10: 1 | G10: -5<
A11: 115088 | B11: Снатворное | C11: 1 | F11: -5<
A12: 115132 | B12: Зелье лечения | C12: 2 | F12: 3> | G12: 2>
A13: 115192 | B13: Зелье полёта | C13: 3 | F13: 5> | G13: 5> | H13: 5>

Sheet Дата сет
A1: Название | B1: Заказ | C1: Заказчик | D1: Получено | E1: Кол-во | F1: Ингридиенты

Sheet Анализ зелий
A3: Названия строк | B3: Кол-во ингридиентов | C3: Мин | D3: Макс | E3: Заказано
A4: Ночного Зрения | B4: 3.75 | C4: 3 | D4: 5 | E4: 4
A5: Огненной Защиты | E5: 1
A6: Скорости | B6: 1 | C6: 1 | D6: 1 | E6: 3
A7: Ясновидения | B7: 3 | C7: 2 | D7: 4 | E7: 5
A8: (пусто)
A9: Бодрости | B9: 4 | C9: 2 | D9: 6 | E9: 2
A10: Выносливости | E10: 1
A11: Силы | E11: 1
A12: Лечения | B12: 1.5 | C12: 1 | D12: 2 | E12: 2
A13: Умиротворения | B13: 2.5 | C13: 1 | D13: 5 | E13: 4
A14: Слабости | B14: 2.6666667 | C14: 2 | D14: 3 | E14: 3
A15: Отравления | B15: 3 | C15: 3 | D15: 3 | E15: 2
A16: Антидот | B16: 1 | C16: 1 | D16: 1 | E16: 2
A17: Общий итог | B17: 2.7083333 | C17: 1 | D17: 6 | E17: 30

Sheet NPCs
A1: Имя | B1: Зелья
A2: Anya | B2: 37360 | C2: 31352
B3: =VLOOKUP(B2,Зелья!$A$5:$C$5,5,FALSE) -> #N/A | C3: =VLOOKUP(C2,Зелья!$A$5:$C$5,5,FALSE) -> #N/A
A4: Borin | B4: 37544 | C4: 27900
B5: =VLOOKUP(B4,Зелья!$A$5:$C$5,5,FALSE) -> #N/A | C5: =VLOOKUP(C4,Зелья!$A$5:$C$5,5,FALSE) -> #N/A
A6: Eldar | B6: 27668 | C6: 28024 | D6: 37276
B7: =VLOOKUP(B6,Зелья!$A$5:$C$5,5,FALSE) -> #N/A | C7: =VLOOKUP(C6,Зелья!$A$5:$C$5,5,FALSE) -> #N/A | D7: =VLOOKUP(D6,Зелья!$A$5:$C$5,5,FALSE) -> #N/A
A8: Finch | B8: 37360 | C8: 31352 | D8: 27668
B9: =VLOOKUP(B8,Зелья!$A$5:$C$5,5,FALSE) -> #N/A | C9: =VLOOKUP(C8,Зелья!$A$5:$C$5,5,FALSE) -> #N/A | D9: =VLOOKUP(D8,Зелья!$A$5:$C$5,5,FALSE) -> #N/A
A10: Grail | B10: 28988 | C10: 31260 | D10: 37360
B11: =VLOOKUP(B10,Зелья!$A$5:$C$5,5,FALSE) -> #N/A | C11: =VLOOKUP(C10,Зелья!$A$5:$C$5,5,FALSE) -> #N/A | D11: =VLOOKUP(D10,Зелья!$A$5:$C$5,5,FALSE) -> #N/A
A12: Grimbold | B12: 30444 | C12: 31452 | D12: 37768 | E12: 37544 | F12: 28988
B13: =VLOOKUP(B12,Зелья!$A$5:$C$5,5,FALSE) -> #N/A | C13: =VLOOKUP(C12,Зелья!$A$5:$C$5,5,FALSE) -> #N/A | D13: =VLOOKUP(D12,Зелья!$A$5:$C$5,5,FALSE) -> #N/A | E13: =VLOOKUP(E12,Зелья!$A$5:$C$5,5,FALSE) -> #N/A | F13: =VLOOKUP(F12,Зелья!$A$5:$C$5,5,FALSE) -> #N/A
A14: Isolde | B14: 37836 | C14: 37460
B15: =VLOOKUP(B14,Зелья!$A$5:$C$5,5,FALSE) -> #N/A | C15: =VLOOKUP(C14,Зелья!$A$5:$C$5,5,FALSE) -> #N/A
A16: Mirabella | B16: 27668 | C16: 37276 | D16: 37640
B17: =VLOOKUP(B16,Зелья!$A$5:$C$5,5,FALSE) -> #N/A | C17: =VLOOKUP(C16,Зелья!$A$5:$C$5,5,FALSE) -> #N/A | D17: =VLOOKUP(D16,Зелья!$A$5:$C$5,5,FALSE) -> #N/A
A18: Seraphina | B18: 27900 | C18: 37544 | D18: 30444
B19: =VLOOKUP(B18,Зелья!$A$5:$C$5,5,FALSE) -> #N/A | C19: =VLOOKUP(C18,Зелья!$A$5:$C$5,5,FALSE) -> #N/A | D19: =VLOOKUP(D18,Зелья!$A$5:$C$5,5,FALSE) -> #N/A
A20: Theodore | B20: 27900 | C20: 37768
B21: =VLOOKUP(B20,Зелья!$A$5:$C$5,5,FALSE) -> #N/A | C21: =VLOOKUP(C20,Зелья!$A$5:$C$5,5,FALSE) -> #N/A
A23: Foley | B23: 37360
B24: =VLOOKUP(B23,Зелья!$A$5:$C$5,5,FALSE) -> #N/A
A25: Backquit | B25: 28988
B26: =VLOOKUP(B25,Зелья!$A$5:$C$5,5,FALSE) -> #N/A

Sheet Анализ крафта
B1: 1 | C1: 2 | D1: 3 | E1: 4 | F1: 5 | G1: 6 | H1: 7 | I1: 8 | J1: 9 | K1: 10 | L1: 11 | M1: 12
A2: ID | B2: 34974 | C2: 26756 | D2: -68820 | E2: 35282 | F2: -70632 | G2: 26194
A3: Названия | B3: =VLOOKUP(B2,Ингридиенты!$A$5:$B$9,2,FALSE) -> Ледяное Сердце | C3: =VLOOKUP(C2,Ингридиенты!$A$5:$B$9,2,FALSE) -> #N/A | D3: =VLOOKUP(D2,Ингридиенты!$A$5:$B$9,2,FALSE) -> #N/A | E3: =VLOOKUP(E2,Ингридиенты!$A$5:$B$9,2,FALSE) -> #N/A | F3: =VLOOKUP(F2,Ингридиенты!$A$5:$B$9,2,FALSE) -> Прихоть Судьбы | G3: =VLOOKUP(G2,Ингридиенты!$A$5:$B$9,2,FALSE) -> #N/A | H3: =VLOOKUP(H2,Ингридиенты!$A$5:$B$9,2,FALSE) -> #N/A | I3: =VLOOKUP(I2,Ингридиенты!$A$5:$B$9,2,FALSE) -> #N/A | ... M3: =VLOOKUP(M2,Ингридиенты!$A$5:$B$9,2,FALSE) -> #N/A
A4: Энергия | B4: =VLOOKUP(B$2,Ингридиенты!$A$5:$H$9,6,FALSE) -> -5 | C4: =VLOOKUP(C$2,Ингридиенты!$A$5:$H$9,6,FALSE) -> #N/A | D4: =VLOOKUP(D$2,Ингридиенты!$A$5:$H$9,6,FALSE) -> #N/A | E4: =VLOOKUP(E$2,Ингридиенты!$A$5:$H$9,6,FALSE) -> #N/A | F4: =VLOOKUP(F$2,Ингридиенты!$A$5:$H$9,6,FALSE) -> 0 | G4: =VLOOKUP(G$2,Ингридиенты!$A$5:$H$9,6,FALSE) -> #N/A | H4: =VLOOKUP(H$2,Ингридиенты!$A$5:$H$9,6,FALSE) -> #N/A | I4: =VLOOKUP(I$2,Ингридиенты!$A$5:$H$9,6,FALSE) -> #N/A | ... M4: =VLOOKUP(M$2,Ингридиенты!$A$5:$H$9,6,FALSE) -> #N/A
A5: Хаотичный | B5: =VLOOKUP(B$2,Ингридиенты!$A$5:$H$9,7,FALSE) -> 0 | C5: =VLOOKUP(C$2,Ингридиенты!$A$5:$H$9,7,FALSE) -> #N/A | D5: =VLOOKUP(D$2,Ингридиенты!$A$5:$H$9,7,FALSE) -> #N/A | E5: =VLOOKUP(E$2,Ингридиенты!$A$5:$H$9,7,FALSE) -> #N/A | F5: =VLOOKUP(F$2,Ингридиенты!$A$5:$H$9,7,FALSE) -> 0 | G5: =VLOOKUP(G$2,Ингридиенты!$A$5:$H$9,7,FALSE) -> #N/A | H5: =VLOOKUP(H$2,Ингридиенты!$A$5:$H$9,7,FALSE) -> #N/A | I5: =VLOOKUP(I$2,Ингридиенты!$A$5:$H$9,7,FALSE) -> #N/A | ... M5: =VLOOKUP(M$2,Ингридиенты!$A$5:$H$9,7,FALSE) -> #N/A
A6: Мудрость | B6: =VLOOKUP(B$2,Ингридиенты!$A$5:$H$9,8,FALSE) -> -2 | C6: =VLOOKUP(C$2,Ингридиенты!$A$5:$H$9,8,FALSE) -> #N/A | D6: =VLOOKUP(D$2,Ингридиенты!$A$5:$H$9,8,FALSE) -> #N/A | E6: =VLOOKUP(E$2,Ингридиенты!$A$5:$H$9,8,FALSE) -> #N/A | F6: =VLOOKUP(F$2,Ингридиенты!$A$5:$H$9,8,FALSE) -> 0 | G6: =VLOOKUP(G$2,Ингридиенты!$A$5:$H$9,8,FALSE) -> #N/A | H6: =VLOOKUP(H$2,Ингридиенты!$A$5:$H$9,8,FALSE) -> #N/A | I6: =VLOOKUP(I$2,Ингридиенты!$A$5:$H$9,8,FALSE) -> #N/A | ... M6: =VLOOKUP(M$2,Ингридиенты!$A$5:$H$9,8,FALSE) -> #N/A
A7: Магия | B7: =VLOOKUP(B$2,Ингридиенты!$A$5:$H$9,6,FALSE) -> -5 | C7: =VLOOKUP(C$2,Ингридиенты!$A$5:$H$9,6,FALSE) -> #N/A | D7: =VLOOKUP(D$2,Ингридиенты!$A$5:$H$9,6,FALSE) -> #N/A | E7: =VLOOKUP(E$2,Ингридиенты!$A$5:$H$9,6,FALSE) -> #N/A | F7: =VLOOKUP(F$2,Ингридиенты!$A$5:$H$9,6,FALSE) -> 0 | G7: =VLOOKUP(G$2,Ингридиенты!$A$5:$H$9,6,FALSE) -> #N/A | H7: =VLOOKUP(H$2,Ингридиенты!$A$5:$H$9,6,FALSE) -> #N/A | I7: =VLOOKUP(I$2,Ингридиенты!$A$5:$H$9,6,FALSE) -> #N/A | ... M7: =VLOOKUP(M$2,Ингридиенты!$A$5:$H$9,6,FALSE) -> #N/A
A8: Первичный | B8: =VLOOKUP(B$2,Ингридиенты!$A$5:$H$9,7,FALSE) -> 0 | C8: =VLOOKUP(C$2,Ингридиенты!$A$5:$H$9,7,FALSE) -> #N/A | D8: =VLOOKUP(D$2,Ингридиенты!$A$5:$H$9,7,FALSE) -> #N/A | E8: =VLOOKUP(E$2,Ингридиенты!$A$5:$H$9,7,FALSE) -> #N/A | F8: =VLOOKUP(F$2,Ингридиенты!$A$5:$H$9,7,FALSE) -> 0 | G8: =VLOOKUP(G$2,Ингридиенты!$A$5:$H$9,7,FALSE) -> #N/A | H8: =VLOOKUP(H$2,Ингридиенты!$A$5:$H$9,7,FALSE) -> #N/A | I8: =VLOOKUP(I$2,Ингридиенты!$A$5:$H$9,7,FALSE) -> #N/A | ... M8: =VLOOKUP(M$2,Ингридиенты!$A$5:$H$9,7,FALSE) -> #N/A
A9: Стабильность | B9: =VLOOKUP(B$2,Ингридиенты!$A$5:$H$9,8,FALSE) -> -2 | C9: =VLOOKUP(C$2,Ингридиенты!$A$5:$H$9,8,FALSE) -> #N/A | D9: =VLOOKUP(D$2,Ингридиенты!$A$5:$H$9,8,FALSE) -> #N/A | E9: =VLOOKUP(E$2,Ингридиенты!$A$5:$H$9,8,FALSE) -> #N/A | F9: =VLOOKUP(F$2,Ингридиенты!$A$5:$H$9,8,FALSE) -> 0 | G9: =VLOOKUP(G$2,Ингридиенты!$A$5:$H$9,8,FALSE) -> #N/A | H9: =VLOOKUP(H$2,Ингридиенты!$A$5:$H$9,8,FALSE) -> #N/A | I9: =VLOOKUP(I$2,Ингридиенты!$A$5:$H$9,8,FALSE) -> #N/A | ... M9: =VLOOKUP(M$2,Ингридиенты!$A$5:$H$9,8,FALSE) -> #N/A
A10: Длительность | B10: =VLOOKUP(B$2,Ингридиенты!$A$5:$H$9,6,FALSE) -> -5 | C10: =VLOOKUP(C$2,Ингридиенты!$A$5:$H$9,6,FALSE) -> #N/A | D10: =VLOOKUP(D$2,Ингридиенты!$A$5:$H$9,6,FALSE) -> #N/A | E10: =VLOOKUP(E$2,Ингридиенты!$A$5:$H$9,6,FALSE) -> #N/A | F10: =VLOOKUP(F$2,Ингридиенты!$A$5:$H$9,6,FALSE) -> 0 | G10: =VLOOKUP(G$2,Ингридиенты!$A$5:$H$9,6,FALSE) -> #N/A | H10: =VLOOKUP(H$2,Ингридиенты!$A$5:$H$9,6,FALSE) -> #N/A | I10: =VLOOKUP(I$2,Ингридиенты!$A$5:$H$9,6,FALSE) -> #N/A | ... M10: =VLOOKUP(M$2,Ингридиенты!$A$5:$H$9,6,FALSE) -> #N/A
A11: Токсичность | B11: =VLOOKUP(B$2,Ингридиенты!$A$5:$H$9,7,FALSE) -> 0 | C11: =VLOOKUP(C$2,Ингридиенты!$A$5:$H$9,7,FALSE) -> #N/A | D11: =VLOOKUP(D$2,Ингридиенты!$A$5:$H$9,7,FALSE) -> #N/A | E11: =VLOOKUP(E$2,Ингридиенты!$A$5:$H$9,7,FALSE) -> #N/A | F11: =VLOOKUP(F$2,Ингридиенты!$A$5:$H$9,7,FALSE) -> 0 | G11: =VLOOKUP(G$2,Ингридиенты!$A$5:$H$9,7,FALSE) -> #N/A | H11: =VLOOKUP(H$2,Ингридиенты!$A$5:$H$9,7,FALSE) -> #N/A | I11: =VLOOKUP(I$2,Ингридиенты!$A$5:$H$9,7,FALSE) -> #N/A | ... M11: =VLOOKUP(M$2,Ингридиенты!$A$5:$H$9,7,FALSE) -> #N/A
